Date,Temp
01/01/2011,20.7
02/01/2011,17.9
03/01/2011,18.8
04/01/2011,14.6
05/01/2011,15.8
06/01/2011,15.8
07/01/2011,15.8
08/01/2011,17.4
09/01/2011,21.8
10/01/2011,20.0
11/01/2011,16.2
12/01/2011,13.3
13/01/2011,16.7
14/01/2011,21.5
15/01/2011,25.0
16/01/2011,20.7
17/01/2011,20.6
18/01/2011,24.8
19/01/2011,17.7
20/01/2011,15.5
21/01/2011,18.2
22/01/2011,12.1
23/01/2011,14.4
24/01/2011,16.0
25/01/2011,16.5
26/01/2011,18.7
27/01/2011,19.4
28/01/2011,17.2
29/01/2011,15.5
30/01/2011,15.1
31/01/2011,15.4
01/02/2011,15.3
02/02/2011,18.8
03/02/2011,21.9
04/02/2011,19.9
05/02/2011,16.6
06/02/2011,16.8
07/02/2011,14.6
08/02/2011,17.1
09/02/2011,25.0
10/02/2011,15.0
11/02/2011,13.7
12/02/2011,13.9
13/02/2011,18.3
14/02/2011,22.0
15/02/2011,22.1
16/02/2011,21.2
17/02/2011,18.4
18/02/2011,16.6
19/02/2011,16.1
20/02/2011,15.7
21/02/2011,16.6
22/02/2011,16.5
23/02/2011,14.4
24/02/2011,14.4
25/02/2011,18.5
26/02/2011,16.9
27/02/2011,17.5
28/02/2011,21.2
01/03/2011,17.8
02/03/2011,18.6
03/03/2011,17.0
04/03/2011,16.0
05/03/2011,13.3
06/03/2011,14.3
07/03/2011,11.4
08/03/2011,16.3
09/03/2011,16.1
10/03/2011,11.8
11/03/2011,12.2
12/03/2011,14.7
13/03/2011,11.8
14/03/2011,11.3
15/03/2011,10.6
16/03/2011,11.7
17/03/2011,14.2
18/03/2011,11.2
19/03/2011,16.9
20/03/2011,16.7
21/03/2011,8.1
22/03/2011,8.0
23/03/2011,8.8
24/03/2011,13.4
25/03/2011,10.9
26/03/2011,13.4
27/03/2011,11.0
28/03/2011,15.0
29/03/2011,15.7
30/03/2011,14.5
31/03/2011,15.8
01/04/2011,16.7
02/04/2011,16.8
03/04/2011,17.5
04/04/2011,17.1
05/04/2011,18.1
06/04/2011,16.6
07/04/2011,10.0
08/04/2011,14.9
09/04/2011,15.9
10/04/2011,13.0
11/04/2011,7.6
12/04/2011,11.5
13/04/2011,13.5
14/04/2011,13.0
15/04/2011,13.3
16/04/2011,12.1
17/04/2011,12.4
18/04/2011,13.2
19/04/2011,13.8
20/04/2011,10.6
21/04/2011,9.0
22/04/2011,10.0
23/04/2011,9.8
24/04/2011,11.5
25/04/2011,8.9
26/04/2011,7.4
27/04/2011,9.9
28/04/2011,9.3
29/04/2011,9.9
30/04/2011,7.4
01/05/2011,8.6
02/05/2011,11.9
03/05/2011,14.0
04/05/2011,8.6
05/05/2011,10.0
06/05/2011,13.5
07/05/2011,12.0
08/05/2011,10.5
09/05/2011,10.7
10/05/2011,8.1
11/05/2011,10.1
12/05/2011,10.6
13/05/2011,5.3
14/05/2011,6.6
15/05/2011,8.5
16/05/2011,11.2
17/05/2011,9.8
18/05/2011,5.9
19/05/2011,3.2
20/05/2011,2.1
21/05/2011,3.4
22/05/2011,5.4
23/05/2011,9.6
24/05/2011,11.5
25/05/2011,12.3
26/05/2011,12.6
27/05/2011,11.0
28/05/2011,11.2
29/05/2011,11.4
30/05/2011,11.8
31/05/2011,12.8
01/06/2011,11.6
02/06/2011,10.6
03/06/2011,9.8
04/06/2011,11.2
05/06/2011,5.7
06/06/2011,7.1
07/06/2011,2.5
08/06/2011,3.5
09/06/2011,4.6
10/06/2011,11.0
11/06/2011,5.7
12/06/2011,7.7
13/06/2011,10.4
14/06/2011,11.4
15/06/2011,9.2
16/06/2011,6.1
17/06/2011,2.7
18/06/2011,4.3
19/06/2011,6.3
20/06/2011,3.8
21/06/2011,4.4
22/06/2011,7.1
23/06/2011,4.8
24/06/2011,5.8
25/06/2011,6.2
26/06/2011,7.3
27/06/2011,9.2
28/06/2011,10.2
29/06/2011,9.5
30/06/2011,9.5
01/07/2011,10.7
02/07/2011,10.0
03/07/2011,6.5
04/07/2011,7.0
05/07/2011,7.4
06/07/2011,8.1
07/07/2011,6.6
08/07/2011,8.3
09/07/2011,8.9
10/07/2011,4.6
11/07/2011,6.8
12/07/2011,5.7
13/07/2011,6.1
14/07/2011,7.0
15/07/2011,7.2
16/07/2011,6.3
17/07/2011,8.8
18/07/2011,5.0
19/07/2011,7.4
20/07/2011,10.1
21/07/2011,12.0
22/07/2011,9.0
23/07/2011,8.9
24/07/2011,9.8
25/07/2011,9.0
26/07/2011,9.2
27/07/2011,7.7
28/07/2011,8.0
29/07/2011,6.1
30/07/2011,3.5
31/07/2011,3.2
01/08/2011,5.7
02/08/2011,7.7
03/08/2011,9.0
04/08/2011,10.0
05/08/2011,6.2
06/08/2011,6.9
07/08/2011,6.5
08/08/2011,6.8
09/08/2011,7.0
10/08/2011,5.2
11/08/2011,3.0
12/08/2011,5.6
13/08/2011,7.9
14/08/2011,9.0
15/08/2011,8.6
16/08/2011,10.3
17/08/2011,10.5
18/08/2011,7.6
19/08/2011,9.7
20/08/2011,12.5
21/08/2011,7.4
22/08/2011,7.9
23/08/2011,3.9
24/08/2011,6.6
25/08/2011,4.6
26/08/2011,7.0
27/08/2011,6.0
28/08/2011,5.5
29/08/2011,8.1
30/08/2011,5.5
31/08/2011,6.2
01/09/2011,8.0
02/09/2011,10.3
03/09/2011,9.8
04/09/2011,9.6
05/09/2011,8.5
06/09/2011,7.5
07/09/2011,11.2
08/09/2011,14.6
09/09/2011,11.7
10/09/2011,7.8
11/09/2011,12.3
12/09/2011,10.1
13/09/2011,11.5
14/09/2011,7.3
15/09/2011,10.9
16/09/2011,14.1
17/09/2011,10.7
18/09/2011,16.9
19/09/2011,10.5
20/09/2011,6.5
21/09/2011,11.0
22/09/2011,6.3
23/09/2011,10.5
24/09/2011,7.2
25/09/2011,7.6
26/09/2011,10.7
27/09/2011,7.8
28/09/2011,9.6
29/09/2011,11.4
30/09/2011,12.4
01/10/2011,8.9
02/10/2011,13.2
03/10/2011,8.6
04/10/2011,6.2
05/10/2011,11.4
06/10/2011,13.2
07/10/2011,14.3
08/10/2011,7.3
09/10/2011,12.9
10/10/2011,7.8
11/10/2011,6.2
12/10/2011,5.6
13/10/2011,10.0
14/10/2011,13.3
15/10/2011,8.3
16/10/2011,10.2
17/10/2011,8.6
18/10/2011,7.3
19/10/2011,10.4
20/10/2011,11.2
21/10/2011,13.2
22/10/2011,11.4
23/10/2011,9.1
24/10/2011,6.6
25/10/2011,8.4
26/10/2011,9.7
27/10/2011,13.2
28/10/2011,12.5
29/10/2011,11.0
30/10/2011,11.0
31/10/2011,11.7
01/11/2011,9.2
02/11/2011,11.5
03/11/2011,13.6
04/11/2011,13.7
05/11/2011,10.4
06/11/2011,11.5
07/11/2011,7.6
08/11/2011,9.6
09/11/2011,14.2
10/11/2011,15.7
11/11/2011,10.5
12/11/2011,10.5
13/11/2011,9.7
14/11/2011,9.5
15/11/2011,11.3
16/11/2011,8.9
17/11/2011,9.4
18/11/2011,11.9
19/11/2011,11.7
20/11/2011,13.4
21/11/2011,12.6
22/11/2011,10.1
23/11/2011,15.8
24/11/2011,13.6
25/11/2011,11.9
26/11/2011,9.9
27/11/2011,12.6
28/11/2011,17.8
29/11/2011,15.0
30/11/2011,13.6
01/12/2011,13.4
02/12/2011,10.5
03/12/2011,14.2
04/12/2011,11.5
05/12/2011,13.0
06/12/2011,15.0
07/12/2011,14.7
08/12/2011,12.6
09/12/2011,12.5
10/12/2011,13.5
11/12/2011,14.8
12/12/2011,17.2
13/12/2011,9.7
14/12/2011,12.1
15/12/2011,12.8
16/12/2011,11.2
17/12/2011,16.4
18/12/2011,15.6
19/12/2011,13.3
20/12/2011,11.0
21/12/2011,11.1
22/12/2011,15.0
23/12/2011,12.8
24/12/2011,15.0
25/12/2011,14.2
26/12/2011,14.0
27/12/2011,15.5
28/12/2011,13.3
29/12/2011,15.6
30/12/2011,15.2
31/12/2011,17.4
01/01/2012,17.0
02/01/2012,15.0
03/01/2012,13.5
04/01/2012,15.2
05/01/2012,13.0
06/01/2012,12.5
07/01/2012,14.1
08/01/2012,14.8
09/01/2012,16.2
10/01/2012,15.8
11/01/2012,19.1
12/01/2012,22.2
13/01/2012,15.9
14/01/2012,13.0
15/01/2012,14.1
16/01/2012,15.8
17/01/2012,24.0
18/01/2012,18.0
19/01/2012,19.7
20/01/2012,25.2
21/01/2012,20.5
22/01/2012,19.3
23/01/2012,15.8
24/01/2012,17.0
25/01/2012,18.4
26/01/2012,13.3
27/01/2012,14.6
28/01/2012,12.5
29/01/2012,17.0
30/01/2012,17.1
31/01/2012,14.0
01/02/2012,14.6
02/02/2012,13.3
03/02/2012,14.8
04/02/2012,15.1
05/02/2012,13.1
06/02/2012,13.6
07/02/2012,19.5
08/02/2012,22.7
09/02/2012,17.2
10/02/2012,13.5
11/02/2012,15.4
12/02/2012,17.0
13/02/2012,19.2
14/02/2012,22.8
15/02/2012,26.3
16/02/2012,18.2
17/02/2012,17.0
18/02/2012,14.8
19/02/2012,12.8
20/02/2012,15.5
21/02/2012,15.6
22/02/2012,13.1
23/02/2012,15.2
24/02/2012,14.1
25/02/2012,12.5
26/02/2012,14.6
27/02/2012,10.4
28/02/2012,13.9
29/02/2012,11.9
01/03/2012,13.5
02/03/2012,9.8
03/03/2012,14.0
04/03/2012,21.5
05/03/2012,19.5
06/03/2012,16.7
07/03/2012,19.1
08/03/2012,11.0
09/03/2012,9.0
10/03/2012,10.0
11/03/2012,14.6
12/03/2012,12.5
13/03/2012,17.2
14/03/2012,19.2
15/03/2012,22.2
16/03/2012,15.7
17/03/2012,14.2
18/03/2012,9.8
19/03/2012,14.0
20/03/2012,17.5
21/03/2012,20.7
22/03/2012,15.6
23/03/2012,13.2
24/03/2012,14.5
25/03/2012,16.8
26/03/2012,17.2
27/03/2012,13.4
28/03/2012,14.2
29/03/2012,14.3
30/03/2012,10.2
31/03/2012,10.4
01/04/2012,12.3
02/04/2012,11.9
03/04/2012,11.2
04/04/2012,8.5
05/04/2012,12.0
06/04/2012,12.4
07/04/2012,12.9
08/04/2012,10.1
09/04/2012,15.0
10/04/2012,13.6
11/04/2012,12.4
12/04/2012,13.6
13/04/2012,16.1
14/04/2012,19.5
15/04/2012,14.2
16/04/2012,9.3
17/04/2012,10.1
18/04/2012,7.4
19/04/2012,8.6
20/04/2012,7.8
21/04/2012,9.1
22/04/2012,13.0
23/04/2012,16.5
24/04/2012,12.9
25/04/2012,6.9
26/04/2012,6.9
27/04/2012,8.7
28/04/2012,10.0
29/04/2012,10.8
30/04/2012,7.5
01/05/2012,6.3
02/05/2012,11.9
03/05/2012,13.8
04/05/2012,11.8
05/05/2012,11.0
06/05/2012,10.1
07/05/2012,8.5
08/05/2012,5.5
09/05/2012,7.6
10/05/2012,8.7
11/05/2012,10.8
12/05/2012,11.2
13/05/2012,9.1
14/05/2012,3.7
15/05/2012,4.6
16/05/2012,6.6
17/05/2012,13.2
18/05/2012,15.2
19/05/2012,7.6
20/05/2012,8.4
21/05/2012,6.0
22/05/2012,8.3
23/05/2012,8.6
24/05/2012,11.1
25/05/2012,12.1
26/05/2012,12.9
27/05/2012,14.0
28/05/2012,12.5
29/05/2012,11.5
30/05/2012,7.0
31/05/2012,7.1
01/06/2012,9.0
02/06/2012,3.1
03/06/2012,2.5
04/06/2012,0.0
05/06/2012,1.6
06/06/2012,2.6
07/06/2012,5.7
08/06/2012,2.3
09/06/2012,4.5
10/06/2012,8.2
11/06/2012,6.9
12/06/2012,7.3
13/06/2012,6.0
14/06/2012,7.3
15/06/2012,7.6
16/06/2012,8.0
17/06/2012,8.0
18/06/2012,6.8
19/06/2012,7.3
20/06/2012,6.2
21/06/2012,6.9
22/06/2012,8.9
23/06/2012,4.0
24/06/2012,1.3
25/06/2012,0.8
26/06/2012,4.3
27/06/2012,7.3
28/06/2012,7.7
29/06/2012,9.0
30/06/2012,4.2
01/07/2012,1.6
02/07/2012,2.6
03/07/2012,3.4
04/07/2012,3.9
05/07/2012,7.0
06/07/2012,7.8
07/07/2012,5.3
08/07/2012,2.4
09/07/2012,2.8
10/07/2012,4.0
11/07/2012,7.5
12/07/2012,7.8
13/07/2012,5.6
14/07/2012,3.3
15/07/2012,5.0
16/07/2012,3.7
17/07/2012,3.9
18/07/2012,5.2
19/07/2012,0.2
20/07/2012,0.8
21/07/2012,0.9
22/07/2012,3.5
23/07/2012,6.6
24/07/2012,9.5
25/07/2012,9.0
26/07/2012,3.5
27/07/2012,4.5
28/07/2012,5.7
29/07/2012,5.6
30/07/2012,7.1
31/07/2012,9.7
01/08/2012,8.3
02/08/2012,9.1
03/08/2012,2.8
04/08/2012,2.2
05/08/2012,4.5
06/08/2012,3.8
07/08/2012,3.8
08/08/2012,6.2
09/08/2012,11.5
10/08/2012,10.2
11/08/2012,7.9
12/08/2012,9.0
13/08/2012,9.5
14/08/2012,6.0
15/08/2012,8.2
16/08/2012,9.2
17/08/2012,4.3
18/08/2012,6.6
19/08/2012,9.4
20/08/2012,13.2
21/08/2012,6.6
22/08/2012,5.1
23/08/2012,12.1
24/08/2012,11.2
25/08/2012,8.5
26/08/2012,4.6
27/08/2012,7.0
28/08/2012,14.2
29/08/2012,12.7
30/08/2012,7.6
31/08/2012,4.0
01/09/2012,10.0
02/09/2012,10.5
03/09/2012,5.0
04/09/2012,4.5
05/09/2012,8.2
06/09/2012,4.3
07/09/2012,9.8
08/09/2012,5.8
09/09/2012,5.0
10/09/2012,8.5
11/09/2012,9.0
12/09/2012,3.6
13/09/2012,6.7
14/09/2012,6.7
15/09/2012,10.1
16/09/2012,15.0
17/09/2012,8.9
18/09/2012,5.7
19/09/2012,4.2
20/09/2012,4.0
21/09/2012,5.3
22/09/2012,6.3
23/09/2012,8.5
24/09/2012,11.5
25/09/2012,7.7
26/09/2012,9.2
27/09/2012,7.8
28/09/2012,6.3
29/09/2012,6.3
30/09/2012,8.6
01/10/2012,6.1
02/10/2012,13.2
03/10/2012,9.9
04/10/2012,4.7
05/10/2012,5.8
06/10/2012,14.9
07/10/2012,10.7
08/10/2012,8.6
09/10/2012,9.4
10/10/2012,5.7
11/10/2012,10.9
12/10/2012,13.1
13/10/2012,10.4
14/10/2012,8.2
15/10/2012,9.8
16/10/2012,7.5
17/10/2012,5.8
18/10/2012,9.8
19/10/2012,7.9
20/10/2012,8.7
21/10/2012,10.0
22/10/2012,10.6
23/10/2012,8.0
24/10/2012,10.2
25/10/2012,15.1
26/10/2012,13.9
27/10/2012,9.2
28/10/2012,9.0
29/10/2012,13.2
30/10/2012,7.0
31/10/2012,10.6
01/11/2012,6.9
02/11/2012,9.5
03/11/2012,12.5
04/11/2012,13.6
05/11/2012,17.7
06/11/2012,16.0
07/11/2012,11.3
08/11/2012,10.5
09/11/2012,14.4
10/11/2012,10.3
11/11/2012,9.0
12/11/2012,11.1
13/11/2012,14.5
14/11/2012,18.0
15/11/2012,12.8
16/11/2012,10.7
17/11/2012,9.1
18/11/2012,8.7
19/11/2012,12.4
20/11/2012,12.6
21/11/2012,10.3
22/11/2012,13.7
23/11/2012,16.0
24/11/2012,15.8
25/11/2012,12.1
26/11/2012,12.5
27/11/2012,12.2
28/11/2012,13.7
29/11/2012,16.1
30/11/2012,15.5
01/12/2012,10.3
02/12/2012,10.5
03/12/2012,11.0
04/12/2012,11.9
05/12/2012,13.0
06/12/2012,12.2
07/12/2012,10.6
08/12/2012,13.0
09/12/2012,13.0
10/12/2012,12.2
11/12/2012,12.6
12/12/2012,18.7
13/12/2012,15.2
14/12/2012,15.3
15/12/2012,13.9
16/12/2012,15.8
17/12/2012,13.0
18/12/2012,13.0
19/12/2012,13.7
20/12/2012,12.0
21/12/2012,10.8
22/12/2012,15.6
23/12/2012,15.3
24/12/2012,13.9
25/12/2012,13.0
26/12/2012,15.3
27/12/2012,16.3
28/12/2012,15.8
29/12/2012,17.7
30/12/2012,16.3
31/12/2012,18.4
01/01/2013,15.0
02/01/2013,10.9
03/01/2013,11.4
04/01/2013,14.8
05/01/2013,12.1
06/01/2013,12.8
07/01/2013,16.2
08/01/2013,15.5
09/01/2013,13.0
10/01/2013,10.5
11/01/2013,9.1
12/01/2013,10.5
13/01/2013,11.8
14/01/2013,12.7
15/01/2013,12.7
16/01/2013,11.5
17/01/2013,13.8
18/01/2013,13.3
19/01/2013,11.6
20/01/2013,15.4
21/01/2013,12.4
22/01/2013,16.9
23/01/2013,14.7
24/01/2013,10.6
25/01/2013,15.6
26/01/2013,10.7
27/01/2013,12.6
28/01/2013,13.8
29/01/2013,14.3
30/01/2013,14.0
31/01/2013,18.1
01/02/2013,17.3
02/02/2013,13.0
03/02/2013,16.0
04/02/2013,14.9
05/02/2013,16.2
06/02/2013,20.3
07/02/2013,22.5
08/02/2013,17.2
09/02/2013,15.9
10/02/2013,16.8
11/02/2013,13.8
12/02/2013,12.8
13/02/2013,14.0
14/02/2013,17.5
15/02/2013,21.5
16/02/2013,16.8
17/02/2013,13.6
18/02/2013,14.5
19/02/2013,14.2
20/02/2013,15.7
21/02/2013,19.7
22/02/2013,17.4
23/02/2013,14.4
24/02/2013,16.9
25/02/2013,19.1
26/02/2013,20.4
27/02/2013,20.1
28/02/2013,19.9
01/03/2013,22.0
02/03/2013,20.5
03/03/2013,22.1
04/03/2013,20.6
05/03/2013,15.0
06/03/2013,20.6
07/03/2013,21.5
08/03/2013,16.2
09/03/2013,14.1
10/03/2013,14.5
11/03/2013,21.1
12/03/2013,15.9
13/03/2013,15.2
14/03/2013,13.1
15/03/2013,13.2
16/03/2013,12.5
17/03/2013,15.2
18/03/2013,17.6
19/03/2013,15.5
20/03/2013,16.7
21/03/2013,16.3
22/03/2013,15.1
23/03/2013,12.7
24/03/2013,10.0
25/03/2013,11.4
26/03/2013,12.6
27/03/2013,10.7
28/03/2013,10.0
29/03/2013,13.9
30/03/2013,13.4
31/03/2013,12.5
01/04/2013,12.8
02/04/2013,7.8
03/04/2013,11.1
04/04/2013,10.7
05/04/2013,7.1
06/04/2013,6.7
07/04/2013,5.7
08/04/2013,9.1
09/04/2013,15.2
10/04/2013,15.5
11/04/2013,11.1
12/04/2013,11.7
13/04/2013,11.5
14/04/2013,9.8
15/04/2013,6.2
16/04/2013,6.7
17/04/2013,7.5
18/04/2013,8.8
19/04/2013,8.0
20/04/2013,10.4
21/04/2013,14.5
22/04/2013,16.5
23/04/2013,14.1
24/04/2013,10.5
25/04/2013,12.6
26/04/2013,13.0
27/04/2013,8.7
28/04/2013,10.1
29/04/2013,12.0
30/04/2013,12.5
01/05/2013,13.5
02/05/2013,13.7
03/05/2013,13.5
04/05/2013,10.7
05/05/2013,13.0
06/05/2013,11.6
07/05/2013,13.0
08/05/2013,11.2
09/05/2013,13.5
10/05/2013,12.9
11/05/2013,6.8
12/05/2013,10.0
13/05/2013,14.5
14/05/2013,11.7
15/05/2013,6.7
16/05/2013,4.6
17/05/2013,4.9
18/05/2013,7.4
19/05/2013,8.3
20/05/2013,7.5
21/05/2013,6.2
22/05/2013,7.8
23/05/2013,13.2
24/05/2013,11.9
25/05/2013,6.5
26/05/2013,8.3
27/05/2013,12.1
28/05/2013,9.3
29/05/2013,7.5
30/05/2013,9.3
31/05/2013,11.0
01/06/2013,10.8
02/06/2013,5.3
03/06/2013,7.6
04/06/2013,5.6
05/06/2013,7.2
06/06/2013,9.6
07/06/2013,7.0
08/06/2013,8.3
09/06/2013,7.8
10/06/2013,4.7
11/06/2013,6.8
12/06/2013,7.2
13/06/2013,8.3
14/06/2013,9.5
15/06/2013,4.7
16/06/2013,3.0
17/06/2013,1.5
18/06/2013,2.5
19/06/2013,6.2
20/06/2013,11.6
21/06/2013,6.6
22/06/2013,6.6
23/06/2013,8.0
24/06/2013,7.9
25/06/2013,3.3
26/06/2013,3.9
27/06/2013,6.0
28/06/2013,4.0
29/06/2013,5.5
30/06/2013,8.5
01/07/2013,9.8
02/07/2013,9.5
03/07/2013,7.2
04/07/2013,8.1
05/07/2013,8.0
06/07/2013,8.5
07/07/2013,8.8
08/07/2013,8.3
09/07/2013,2.4
10/07/2013,4.9
11/07/2013,5.9
12/07/2013,6.7
13/07/2013,8.4
14/07/2013,6.5
15/07/2013,7.9
16/07/2013,4.1
17/07/2013,5.4
18/07/2013,7.5
19/07/2013,3.9
20/07/2013,2.5
21/07/2013,5.3
22/07/2013,6.6
23/07/2013,0.0
24/07/2013,0.7
25/07/2013,7.6
26/07/2013,12.3
27/07/2013,9.2
28/07/2013,9.6
29/07/2013,9.5
30/07/2013,10.0
31/07/2013,7.7
01/08/2013,8.0
02/08/2013,8.3
03/08/2013,8.3
04/08/2013,4.5
05/08/2013,6.5
06/08/2013,9.4
07/08/2013,9.4
08/08/2013,10.5
09/08/2013,10.7
10/08/2013,9.9
11/08/2013,7.6
12/08/2013,5.8
13/08/2013,8.5
14/08/2013,13.8
15/08/2013,14.3
16/08/2013,8.3
17/08/2013,5.3
18/08/2013,3.0
19/08/2013,5.2
20/08/2013,10.3
21/08/2013,11.1
22/08/2013,10.5
23/08/2013,9.0
24/08/2013,13.0
25/08/2013,6.4
26/08/2013,8.4
27/08/2013,6.7
28/08/2013,8.3
29/08/2013,11.2
30/08/2013,10.0
31/08/2013,10.1
01/09/2013,10.6
02/09/2013,10.9
03/09/2013,5.7
04/09/2013,9.5
05/09/2013,10.4
06/09/2013,11.1
07/09/2013,12.2
08/09/2013,10.6
09/09/2013,8.8
10/09/2013,9.2
11/09/2013,5.5
12/09/2013,7.1
13/09/2013,6.5
14/09/2013,4.3
15/09/2013,5.0
16/09/2013,11.2
17/09/2013,7.5
18/09/2013,12.0
19/09/2013,13.6
20/09/2013,8.3
21/09/2013,8.5
22/09/2013,12.9
23/09/2013,7.7
24/09/2013,7.6
25/09/2013,3.5
26/09/2013,10.4
27/09/2013,15.4
28/09/2013,10.6
29/09/2013,9.6
30/09/2013,9.3
01/10/2013,13.9
02/10/2013,7.7
03/10/2013,9.5
04/10/2013,7.6
05/10/2013,6.9
06/10/2013,6.8
07/10/2013,5.8
08/10/2013,6.0
09/10/2013,8.3
10/10/2013,9.1
11/10/2013,12.5
12/10/2013,13.2
13/10/2013,16.2
14/10/2013,12.5
15/10/2013,11.8
16/10/2013,10.6
17/10/2013,10.0
18/10/2013,12.2
19/10/2013,8.9
20/10/2013,10.3
21/10/2013,7.5
22/10/2013,11.6
23/10/2013,12.6
24/10/2013,12.9
25/10/2013,11.7
26/10/2013,14.0
27/10/2013,12.3
28/10/2013,9.0
29/10/2013,9.2
30/10/2013,9.8
31/10/2013,11.8
01/11/2013,10.6
02/11/2013,12.6
03/11/2013,11.0
04/11/2013,8.2
05/11/2013,7.5
06/11/2013,13.6
07/11/2013,14.8
08/11/2013,10.9
09/11/2013,7.7
10/11/2013,10.2
11/11/2013,10.8
12/11/2013,10.8
13/11/2013,12.5
14/11/2013,13.2
15/11/2013,8.7
16/11/2013,5.7
17/11/2013,9.8
18/11/2013,7.3
19/11/2013,10.8
20/11/2013,10.0
21/11/2013,16.2
22/11/2013,15.0
23/11/2013,14.5
24/11/2013,15.9
25/11/2013,14.9
26/11/2013,14.2
27/11/2013,15.8
28/11/2013,17.2
29/11/2013,17.6
30/11/2013,12.1
01/12/2013,11.4
02/12/2013,13.0
03/12/2013,13.2
04/12/2013,12.0
05/12/2013,15.3
06/12/2013,12.7
07/12/2013,12.1
08/12/2013,13.8
09/12/2013,10.9
10/12/2013,12.0
11/12/2013,16.5
12/12/2013,15.0
13/12/2013,11.2
14/12/2013,13.9
15/12/2013,15.0
16/12/2013,14.8
17/12/2013,15.0
18/12/2013,13.3
19/12/2013,20.4
20/12/2013,18.0
21/12/2013,12.2
22/12/2013,16.7
23/12/2013,13.8
24/12/2013,17.5
25/12/2013,15.0
26/12/2013,13.9
27/12/2013,11.1
28/12/2013,16.1
29/12/2013,20.4
30/12/2013,18.0
31/12/2013,19.5
01/01/2014,17.1
02/01/2014,17.1
03/01/2014,12.0
04/01/2014,11.0
05/01/2014,16.3
06/01/2014,16.1
07/01/2014,13.0
08/01/2014,13.4
09/01/2014,15.2
10/01/2014,12.5
11/01/2014,14.3
12/01/2014,16.5
13/01/2014,18.6
14/01/2014,18.0
15/01/2014,18.2
16/01/2014,11.4
17/01/2014,11.9
18/01/2014,12.2
19/01/2014,14.8
20/01/2014,13.1
21/01/2014,12.7
22/01/2014,10.5
23/01/2014,13.8
24/01/2014,18.8
25/01/2014,13.9
26/01/2014,11.2
27/01/2014,10.6
28/01/2014,14.7
29/01/2014,13.1
30/01/2014,12.1
31/01/2014,14.7
01/02/2014,11.1
02/02/2014,13.0
03/02/2014,15.6
04/02/2014,14.2
05/02/2014,15.5
06/02/2014,18.0
07/02/2014,15.0
08/02/2014,15.9
09/02/2014,15.5
10/02/2014,15.8
11/02/2014,16.6
12/02/2014,13.6
13/02/2014,13.8
14/02/2014,14.6
15/02/2014,15.6
16/02/2014,16.6
17/02/2014,14.3
18/02/2014,16.3
19/02/2014,18.9
20/02/2014,18.7
21/02/2014,14.5
22/02/2014,16.5
23/02/2014,14.1
24/02/2014,13.5
25/02/2014,11.7
26/02/2014,15.1
27/02/2014,11.2
28/02/2014,13.5
01/03/2014,12.6
02/03/2014,8.8
03/03/2014,10.5
04/03/2014,12.1
05/03/2014,14.5
06/03/2014,19.5
07/03/2014,14.0
08/03/2014,13.8
09/03/2014,10.5
10/03/2014,13.8
11/03/2014,11.4
12/03/2014,15.6
13/03/2014,11.1
14/03/2014,12.1
15/03/2014,14.2
16/03/2014,10.9
17/03/2014,14.2
18/03/2014,13.8
19/03/2014,15.1
20/03/2014,14.0
21/03/2014,12.1
22/03/2014,13.8
23/03/2014,16.6
24/03/2014,17.8
25/03/2014,9.4
26/03/2014,10.2
27/03/2014,7.4
28/03/2014,8.7
29/03/2014,14.0
30/03/2014,15.3
31/03/2014,11.1
01/04/2014,9.7
02/04/2014,10.3
03/04/2014,9.2
04/04/2014,8.2
05/04/2014,9.7
06/04/2014,12.4
07/04/2014,12.5
08/04/2014,9.0
09/04/2014,9.7
10/04/2014,10.1
11/04/2014,11.2
12/04/2014,12.0
13/04/2014,11.1
14/04/2014,10.8
15/04/2014,12.8
16/04/2014,9.8
17/04/2014,13.7
18/04/2014,11.0
19/04/2014,13.2
20/04/2014,13.0
21/04/2014,10.2
22/04/2014,13.2
23/04/2014,9.3
24/04/2014,11.1
25/04/2014,10.3
26/04/2014,8.7
27/04/2014,11.7
28/04/2014,12.5
29/04/2014,6.5
30/04/2014,9.6
01/05/2014,13.8
02/05/2014,14.7
03/05/2014,9.1
04/05/2014,4.8
05/05/2014,3.3
06/05/2014,3.5
07/05/2014,5.7
08/05/2014,5.5
09/05/2014,7.0
10/05/2014,9.5
11/05/2014,9.9
12/05/2014,4.9
13/05/2014,6.3
14/05/2014,4.8
15/05/2014,6.2
16/05/2014,7.1
17/05/2014,7.5
18/05/2014,9.4
19/05/2014,8.7
20/05/2014,9.5
21/05/2014,12.1
22/05/2014,9.5
23/05/2014,9.3
24/05/2014,8.5
25/05/2014,8.0
26/05/2014,9.8
27/05/2014,6.2
28/05/2014,7.3
29/05/2014,10.9
30/05/2014,10.0
31/05/2014,8.7
01/06/2014,9.0
02/06/2014,10.8
03/06/2014,12.4
04/06/2014,7.2
05/06/2014,7.2
06/06/2014,11.1
07/06/2014,9.3
08/06/2014,10.1
09/06/2014,3.9
10/06/2014,5.0
11/06/2014,8.2
12/06/2014,2.8
13/06/2014,4.3
14/06/2014,8.1
15/06/2014,11.1
16/06/2014,4.7
17/06/2014,5.3
18/06/2014,10.0
19/06/2014,5.6
20/06/2014,2.2
21/06/2014,7.1
22/06/2014,8.3
23/06/2014,8.6
24/06/2014,10.1
25/06/2014,8.3
26/06/2014,7.2
27/06/2014,7.7
28/06/2014,7.8
29/06/2014,9.1
30/06/2014,9.4
01/07/2014,7.8
02/07/2014,2.6
03/07/2014,2.4
04/07/2014,3.9
05/07/2014,1.3
06/07/2014,2.1
07/07/2014,7.4
08/07/2014,7.2
09/07/2014,8.8
10/07/2014,8.9
11/07/2014,8.8
12/07/2014,8.0
13/07/2014,0.7
14/07/2014,0.1
15/07/2014,0.9
16/07/2014,7.8
17/07/2014,7.2
18/07/2014,8.0
19/07/2014,4.6
20/07/2014,5.2
21/07/2014,5.8
22/07/2014,6.8
23/07/2014,8.1
24/07/2014,7.5
25/07/2014,5.4
26/07/2014,4.6
27/07/2014,6.4
28/07/2014,9.7
29/07/2014,7.0
30/07/2014,10.0
31/07/2014,10.6
01/08/2014,11.5
02/08/2014,10.2
03/08/2014,11.1
04/08/2014,11.0
05/08/2014,8.9
06/08/2014,9.9
07/08/2014,11.7
08/08/2014,11.6
09/08/2014,9.0
10/08/2014,6.3
11/08/2014,8.7
12/08/2014,8.5
13/08/2014,8.5
14/08/2014,8.0
15/08/2014,6.0
16/08/2014,8.0
17/08/2014,8.5
18/08/2014,7.7
19/08/2014,8.4
20/08/2014,9.0
21/08/2014,8.3
22/08/2014,6.8
23/08/2014,9.3
24/08/2014,6.7
25/08/2014,9.0
26/08/2014,7.3
27/08/2014,6.3
28/08/2014,7.9
29/08/2014,5.2
30/08/2014,9.0
31/08/2014,11.3
01/09/2014,9.2
02/09/2014,11.3
03/09/2014,7.0
04/09/2014,8.0
05/09/2014,4.6
06/09/2014,8.5
07/09/2014,9.5
08/09/2014,9.4
09/09/2014,10.5
10/09/2014,9.7
11/09/2014,4.9
12/09/2014,8.0
13/09/2014,5.8
14/09/2014,5.5
15/09/2014,10.9
16/09/2014,11.7
17/09/2014,9.2
18/09/2014,8.9
19/09/2014,11.3
20/09/2014,8.6
21/09/2014,6.2
22/09/2014,6.6
23/09/2014,9.1
24/09/2014,6.1
25/09/2014,7.5
26/09/2014,10.7
27/09/2014,6.3
28/09/2014,5.5
29/09/2014,6.7
30/09/2014,4.2
01/10/2014,11.3
02/10/2014,16.3
03/10/2014,10.5
04/10/2014,10.3
05/10/2014,7.9
06/10/2014,7.7
07/10/2014,16.0
08/10/2014,14.6
09/10/2014,12.5
10/10/2014,8.1
11/10/2014,12.2
12/10/2014,17.2
13/10/2014,9.4
14/10/2014,8.7
15/10/2014,5.9
16/10/2014,4.8
17/10/2014,7.4
18/10/2014,9.4
19/10/2014,9.7
20/10/2014,9.9
21/10/2014,6.5
22/10/2014,9.8
23/10/2014,18.2
24/10/2014,11.3
25/10/2014,9.1
26/10/2014,9.6
27/10/2014,13.5
28/10/2014,10.7
29/10/2014,10.0
30/10/2014,8.5
31/10/2014,12.6
01/11/2014,16.6
02/11/2014,11.6
03/11/2014,12.2
04/11/2014,11.2
05/11/2014,9.2
06/11/2014,9.9
07/11/2014,11.9
08/11/2014,15.6
09/11/2014,19.0
10/11/2014,12.8
11/11/2014,12.2
12/11/2014,12.0
13/11/2014,11.1
14/11/2014,11.8
15/11/2014,7.6
16/11/2014,13.0
17/11/2014,12.7
18/11/2014,16.0
19/11/2014,14.8
20/11/2014,14.2
21/11/2014,10.0
22/11/2014,8.8
23/11/2014,11.6
24/11/2014,8.6
25/11/2014,14.6
26/11/2014,24.3
27/11/2014,11.6
28/11/2014,10.8
29/11/2014,12.0
30/11/2014,11.0
01/12/2014,12.6
02/12/2014,10.8
03/12/2014,9.1
04/12/2014,11.0
05/12/2014,13.0
06/12/2014,12.8
07/12/2014,9.9
08/12/2014,11.6
09/12/2014,10.5
10/12/2014,15.9
11/12/2014,12.2
12/12/2014,13.0
13/12/2014,12.5
14/12/2014,12.5
15/12/2014,11.4
16/12/2014,12.1
17/12/2014,16.8
18/12/2014,12.1
19/12/2014,11.3
20/12/2014,10.4
21/12/2014,14.2
22/12/2014,11.4
23/12/2014,13.7
24/12/2014,16.5
25/12/2014,12.8
26/12/2014,12.2
27/12/2014,12.0
28/12/2014,12.6
29/12/2014,16.0
30/12/2014,16.4
31/12/2014,13.3
01/01/2015,15.2
02/01/2015,13.1
03/01/2015,12.7
04/01/2015,14.6
05/01/2015,11.0
06/01/2015,13.2
07/01/2015,12.2
08/01/2015,14.4
09/01/2015,13.7
10/01/2015,14.5
11/01/2015,14.1
12/01/2015,14.4
13/01/2015,19.7
14/01/2015,16.5
15/01/2015,15.9
16/01/2015,11.8
17/01/2015,12.0
18/01/2015,11.4
19/01/2015,14.4
20/01/2015,12.4
21/01/2015,15.1
22/01/2015,15.6
23/01/2015,15.2
24/01/2015,12.8
25/01/2015,13.3
26/01/2015,17.5
27/01/2015,15.4
28/01/2015,13.5
29/01/2015,16.7
30/01/2015,15.2
31/01/2015,14.9
01/02/2015,10.2
02/02/2015,13.6
03/02/2015,19.0
04/02/2015,15.7
05/02/2015,18.0
06/02/2015,14.8
07/02/2015,13.9
08/02/2015,13.0
09/02/2015,15.3
10/02/2015,14.3
11/02/2015,15.6
12/02/2015,16.0
13/02/2015,14.9
14/02/2015,11.1
15/02/2015,14.8
16/02/2015,13.0
17/02/2015,12.2
18/02/2015,10.9
19/02/2015,14.6
20/02/2015,16.6
21/02/2015,18.1
22/02/2015,13.4
23/02/2015,10.3
24/02/2015,13.6
25/02/2015,13.8
26/02/2015,10.3
27/02/2015,11.0
28/02/2015,14.3
01/03/2015,15.5
02/03/2015,14.7
03/03/2015,12.7
04/03/2015,10.7
05/03/2015,12.6
06/03/2015,9.8
07/03/2015,13.2
08/03/2015,15.2
09/03/2015,16.6
10/03/2015,21.0
11/03/2015,22.4
12/03/2015,17.0
13/03/2015,21.7
14/03/2015,21.4
15/03/2015,18.6
16/03/2015,16.2
17/03/2015,16.8
18/03/2015,17.0
19/03/2015,18.4
20/03/2015,17.2
21/03/2015,18.4
22/03/2015,18.8
23/03/2015,16.5
24/03/2015,13.3
25/03/2015,12.2
26/03/2015,11.3
27/03/2015,13.8
28/03/2015,16.6
29/03/2015,14.0
30/03/2015,14.3
31/03/2015,16.4
01/04/2015,11.9
02/04/2015,15.7
03/04/2015,17.6
04/04/2015,17.5
05/04/2015,15.9
06/04/2015,16.2
07/04/2015,16.0
08/04/2015,15.9
09/04/2015,16.2
10/04/2015,16.2
11/04/2015,19.5
12/04/2015,18.2
13/04/2015,21.8
14/04/2015,15.1
15/04/2015,11.0
16/04/2015,8.1
17/04/2015,9.5
18/04/2015,9.3
19/04/2015,10.6
20/04/2015,6.3
21/04/2015,8.6
22/04/2015,6.8
23/04/2015,8.7
24/04/2015,8.4
25/04/2015,9.3
26/04/2015,10.0
27/04/2015,10.5
28/04/2015,12.0
29/04/2015,10.1
30/04/2015,9.4
01/05/2015,10.1
02/05/2015,8.0
03/05/2015,10.6
04/05/2015,13.6
05/05/2015,15.4
06/05/2015,9.0
07/05/2015,10.4
08/05/2015,11.0
09/05/2015,12.1
10/05/2015,13.4
11/05/2015,11.3
12/05/2015,6.7
13/05/2015,9.8
14/05/2015,10.8
15/05/2015,7.8
16/05/2015,4.5
17/05/2015,7.6
18/05/2015,6.9
19/05/2015,7.5
20/05/2015,8.5
21/05/2015,5.5
22/05/2015,9.5
23/05/2015,7.3
24/05/2015,5.4
25/05/2015,5.5
26/05/2015,8.1
27/05/2015,11.2
28/05/2015,13.4
29/05/2015,11.6
30/05/2015,10.1
31/05/2015,4.3
01/06/2015,5.5
02/06/2015,4.4
03/06/2015,5.9
04/06/2015,5.7
05/06/2015,8.2
06/06/2015,8.2
07/06/2015,4.2
08/06/2015,6.5
09/06/2015,10.0
10/06/2015,8.8
11/06/2015,6.6
12/06/2015,7.8
13/06/2015,10.1
14/06/2015,7.1
15/06/2015,7.7
16/06/2015,8.5
17/06/2015,7.3
18/06/2015,6.9
19/06/2015,8.4
20/06/2015,7.1
21/06/2015,6.3
22/06/2015,0.6
23/06/2015,1.6
24/06/2015,7.0
25/06/2015,8.3
26/06/2015,8.0
27/06/2015,10.2
28/06/2015,10.6
29/06/2015,10.4
30/06/2015,11.6
01/07/2015,11.0
02/07/2015,10.7
03/07/2015,7.3
04/07/2015,4.2
05/07/2015,4.7
06/07/2015,5.6
07/07/2015,7.7
08/07/2015,7.5
09/07/2015,4.9
10/07/2015,5.9
11/07/2015,7.8
12/07/2015,5.8
13/07/2015,7.0
14/07/2015,8.4
15/07/2015,6.2
16/07/2015,7.5
17/07/2015,4.8
18/07/2015,3.3
19/07/2015,3.2
20/07/2015,7.0
21/07/2015,8.4
22/07/2015,0.3
23/07/2015,0.3
24/07/2015,2.1
25/07/2015,8.5
26/07/2015,1.4
27/07/2015,4.1
28/07/2015,10.3
29/07/2015,6.6
30/07/2015,6.1
31/07/2015,7.0
01/08/2015,5.1
02/08/2015,6.3
03/08/2015,6.9
04/08/2015,11.4
05/08/2015,10.4
06/08/2015,10.3
07/08/2015,9.2
08/08/2015,7.2
09/08/2015,7.5
10/08/2015,4.0
11/08/2015,5.6
12/08/2015,6.7
13/08/2015,8.4
14/08/2015,11.0
15/08/2015,8.4
16/08/2015,8.8
17/08/2015,8.6
18/08/2015,8.3
19/08/2015,4.0
20/08/2015,3.6
21/08/2015,5.7
22/08/2015,10.6
23/08/2015,6.9
24/08/2015,10.0
25/08/2015,9.8
26/08/2015,7.2
27/08/2015,10.5
28/08/2015,3.6
29/08/2015,5.3
30/08/2015,8.4
31/08/2015,10.3
01/09/2015,7.9
02/09/2015,8.5
03/09/2015,7.9
04/09/2015,8.0
05/09/2015,9.8
06/09/2015,6.7
07/09/2015,4.8
08/09/2015,9.9
09/09/2015,12.8
10/09/2015,10.9
11/09/2015,11.7
12/09/2015,11.7
13/09/2015,11.0
14/09/2015,8.2
15/09/2015,7.5
16/09/2015,5.4
17/09/2015,7.2
18/09/2015,9.7
19/09/2015,8.4
20/09/2015,9.0
21/09/2015,8.7
22/09/2015,6.6
23/09/2015,11.6
24/09/2015,13.1
25/09/2015,6.7
26/09/2015,6.5
27/09/2015,7.7
28/09/2015,8.7
29/09/2015,7.2
30/09/2015,10.5
01/10/2015,8.6
02/10/2015,7.2
03/10/2015,11.4
04/10/2015,16.2
05/10/2015,6.1
06/10/2015,9.6
07/10/2015,11.1
08/10/2015,13.6
09/10/2015,10.7
10/10/2015,14.7
11/10/2015,11.6
12/10/2015,7.3
13/10/2015,8.0
14/10/2015,9.6
15/10/2015,16.0
16/10/2015,15.1
17/10/2015,12.8
18/10/2015,6.2
19/10/2015,7.1
20/10/2015,8.4
21/10/2015,10.0
22/10/2015,12.7
23/10/2015,10.0
24/10/2015,10.2
25/10/2015,6.5
26/10/2015,9.2
27/10/2015,11.9
28/10/2015,14.7
29/10/2015,11.4
30/10/2015,6.8
31/10/2015,7.4
01/11/2015,11.2
02/11/2015,9.2
03/11/2015,12.6
04/11/2015,16.0
05/11/2015,17.1
06/11/2015,15.3
07/11/2015,13.3
08/11/2015,15.4
09/11/2015,13.2
10/11/2015,14.4
11/11/2015,14.0
12/11/2015,15.5
13/11/2015,21.0
14/11/2015,10.0
15/11/2015,9.6
16/11/2015,12.0
17/11/2015,12.2
18/11/2015,11.3
19/11/2015,13.2
20/11/2015,10.5
21/11/2015,10.1
22/11/2015,8.8
23/11/2015,13.7
24/11/2015,16.2
25/11/2015,16.0
26/11/2015,14.0
27/11/2015,13.7
28/11/2015,12.5
29/11/2015,12.8
30/11/2015,12.3
01/12/2015,15.2
02/12/2015,15.0
03/12/2015,16.4
04/12/2015,16.1
05/12/2015,14.6
06/12/2015,18.2
07/12/2015,16.4
08/12/2015,16.6
09/12/2015,14.7
10/12/2015,15.8
11/12/2015,14.1
12/12/2015,13.5
13/12/2015,13.6
14/12/2015,13.7
15/12/2015,13.6
16/12/2015,12.1
17/12/2015,12.7
18/12/2015,13.3
19/12/2015,14.2
20/12/2015,15.0
21/12/2015,13.7
22/12/2015,12.0
23/12/2015,13.1
24/12/2015,13.2
25/12/2015,13.3
26/12/2015,11.5
27/12/2015,10.8
28/12/2015,12.0
29/12/2015,16.3
30/12/2015,14.4
31/12/2015,12.9
01/01/2016,13.8
02/01/2016,10.6
03/01/2016,12.6
04/01/2016,13.7
05/01/2016,12.6
06/01/2016,13.1
07/01/2016,15.4
08/01/2016,11.9
09/01/2016,13.8
10/01/2016,14.4
11/01/2016,15.2
12/01/2016,12.5
13/01/2016,12.2
14/01/2016,16.1
15/01/2016,14.6
16/01/2016,11.6
17/01/2016,13.1
18/01/2016,12.8
19/01/2016,15.2
20/01/2016,13.8
21/01/2016,15.0
22/01/2016,13.5
23/01/2016,11.8
24/01/2016,15.3
25/01/2016,13.5
26/01/2016,15.3
27/01/2016,13.8
28/01/2016,15.8
29/01/2016,17.4
30/01/2016,15.3
31/01/2016,14.6
01/02/2016,14.8
02/02/2016,10.7
03/02/2016,11.6
04/02/2016,13.6
05/02/2016,14.4
06/02/2016,11.8
07/02/2016,15.8
08/02/2016,16.0
09/02/2016,11.8
10/02/2016,14.5
11/02/2016,10.7
12/02/2016,14.2
13/02/2016,19.5
14/02/2016,21.4
15/02/2016,17.9
16/02/2016,17.4
17/02/2016,12.7
18/02/2016,13.8
19/02/2016,14.0
20/02/2016,15.0
21/02/2016,14.5
22/02/2016,13.1
23/02/2016,11.4
24/02/2016,12.5
25/02/2016,12.0
26/02/2016,13.4
27/02/2016,14.4
28/02/2016,17.7
29/02/2016,13.9
01/03/2016,13.3
02/03/2016,14.6
03/03/2016,16.4
04/03/2016,16.8
05/03/2016,20.0
06/03/2016,12.5
07/03/2016,12.7
08/03/2016,11.7
09/03/2016,12.7
10/03/2016,8.6
11/03/2016,11.9
12/03/2016,16.0
13/03/2016,15.2
14/03/2016,13.4
15/03/2016,11.6
16/03/2016,11.1
17/03/2016,15.6
18/03/2016,17.0
19/03/2016,18.5
20/03/2016,17.4
21/03/2016,16.5
22/03/2016,16.2
23/03/2016,16.1
24/03/2016,13.2
25/03/2016,18.0
26/03/2016,12.8
27/03/2016,11.7
28/03/2016,16.7
29/03/2016,15.6
30/03/2016,10.2
31/03/2016,10.3
01/04/2016,15.0
02/04/2016,18.0
03/04/2016,13.8
04/04/2016,10.5
05/04/2016,11.8
06/04/2016,7.2
07/04/2016,11.6
08/04/2016,7.4
09/04/2016,14.2
10/04/2016,12.2
11/04/2016,9.0
12/04/2016,12.3
13/04/2016,19.7
14/04/2016,12.8
15/04/2016,12.4
16/04/2016,12.0
17/04/2016,12.0
18/04/2016,11.1
19/04/2016,12.7
20/04/2016,14.2
21/04/2016,11.6
22/04/2016,12.0
23/04/2016,11.5
24/04/2016,8.3
25/04/2016,10.5
26/04/2016,9.0
27/04/2016,6.9
28/04/2016,9.4
29/04/2016,11.1
30/04/2016,9.1
01/05/2016,7.7
02/05/2016,10.0
03/05/2016,10.4
04/05/2016,8.0
05/05/2016,9.8
06/05/2016,12.4
07/05/2016,12.9
08/05/2016,12.3
09/05/2016,6.9
10/05/2016,10.5
11/05/2016,11.0
12/05/2016,9.7
13/05/2016,11.1
14/05/2016,11.5
15/05/2016,13.4
16/05/2016,10.9
17/05/2016,12.0
18/05/2016,12.1
19/05/2016,10.4
20/05/2016,10.0
21/05/2016,9.6
22/05/2016,11.3
23/05/2016,8.5
24/05/2016,6.3
25/05/2016,8.2
26/05/2016,10.7
27/05/2016,10.3
28/05/2016,9.5
29/05/2016,10.9
30/05/2016,10.9
31/05/2016,4.3
01/06/2016,5.2
02/06/2016,11.0
03/06/2016,11.6
04/06/2016,10.6
05/06/2016,9.4
06/06/2016,10.0
07/06/2016,9.6
08/06/2016,9.5
09/06/2016,9.7
10/06/2016,9.6
11/06/2016,7.0
12/06/2016,7.0
13/06/2016,6.8
14/06/2016,6.9
15/06/2016,8.0
16/06/2016,7.6
17/06/2016,8.6
18/06/2016,5.7
19/06/2016,5.5
20/06/2016,5.7
21/06/2016,5.7
22/06/2016,6.6
23/06/2016,6.0
24/06/2016,6.9
25/06/2016,7.7
26/06/2016,8.0
27/06/2016,3.9
28/06/2016,0.8
29/06/2016,2.8
30/06/2016,8.0
01/07/2016,9.8
02/07/2016,11.4
03/07/2016,8.6
04/07/2016,5.2
05/07/2016,6.6
06/07/2016,5.7
07/07/2016,4.6
08/07/2016,5.8
09/07/2016,7.0
10/07/2016,4.8
11/07/2016,4.4
12/07/2016,4.4
13/07/2016,7.9
14/07/2016,10.6
15/07/2016,5.0
16/07/2016,7.6
17/07/2016,9.2
18/07/2016,9.7
19/07/2016,8.8
20/07/2016,6.8
21/07/2016,9.4
22/07/2016,11.0
23/07/2016,2.5
24/07/2016,2.1
25/07/2016,5.4
26/07/2016,6.2
27/07/2016,7.8
28/07/2016,7.4
29/07/2016,9.3
30/07/2016,9.3
31/07/2016,9.5
01/08/2016,8.5
02/08/2016,10.0
03/08/2016,7.7
04/08/2016,9.3
05/08/2016,9.1
06/08/2016,3.5
07/08/2016,3.6
08/08/2016,2.5
09/08/2016,1.7
10/08/2016,2.7
11/08/2016,2.9
12/08/2016,5.3
13/08/2016,7.7
14/08/2016,9.1
15/08/2016,9.4
16/08/2016,7.3
17/08/2016,8.4
18/08/2016,9.2
19/08/2016,6.6
20/08/2016,9.7
21/08/2016,12.4
22/08/2016,10.2
23/08/2016,5.9
24/08/2016,7.1
25/08/2016,7.5
26/08/2016,9.7
27/08/2016,12.2
28/08/2016,5.6
29/08/2016,5.4
30/08/2016,8.3
31/08/2016,10.6
01/09/2016,9.1
02/09/2016,11.3
03/09/2016,10.9
04/09/2016,8.9
05/09/2016,6.3
06/09/2016,9.0
07/09/2016,6.1
08/09/2016,9.1
09/09/2016,9.6
10/09/2016,6.0
11/09/2016,10.0
12/09/2016,11.0
13/09/2016,6.2
14/09/2016,8.3
15/09/2016,11.3
16/09/2016,11.3
17/09/2016,6.7
18/09/2016,6.6
19/09/2016,11.4
20/09/2016,6.9
21/09/2016,10.6
22/09/2016,8.6
23/09/2016,11.3
24/09/2016,12.5
25/09/2016,9.9
26/09/2016,6.9
27/09/2016,5.5
28/09/2016,7.8
29/09/2016,11.0
30/09/2016,16.2
01/10/2016,9.9
02/10/2016,8.7
03/10/2016,10.5
04/10/2016,12.2
05/10/2016,10.6
06/10/2016,8.3
07/10/2016,5.5
08/10/2016,9.0
09/10/2016,6.4
10/10/2016,7.2
11/10/2016,12.9
12/10/2016,12.0
13/10/2016,7.3
14/10/2016,9.7
15/10/2016,8.4
16/10/2016,14.7
17/10/2016,9.5
18/10/2016,7.9
19/10/2016,6.8
20/10/2016,12.6
21/10/2016,5.2
22/10/2016,7.5
23/10/2016,8.7
24/10/2016,7.6
25/10/2016,9.0
26/10/2016,7.2
27/10/2016,10.7
28/10/2016,13.1
29/10/2016,13.9
30/10/2016,10.8
31/10/2016,10.4
01/11/2016,9.1
02/11/2016,16.0
03/11/2016,21.0
04/11/2016,16.2
05/11/2016,8.6
06/11/2016,9.2
07/11/2016,12.5
08/11/2016,9.7
09/11/2016,12.5
10/11/2016,10.3
11/11/2016,12.0
12/11/2016,11.0
13/11/2016,14.8
14/11/2016,15.0
15/11/2016,15.3
16/11/2016,10.3
17/11/2016,10.7
18/11/2016,10.5
19/11/2016,8.9
20/11/2016,8.1
21/11/2016,11.5
22/11/2016,12.8
23/11/2016,9.1
24/11/2016,14.6
25/11/2016,11.6
26/11/2016,11.2
27/11/2016,12.6
28/11/2016,7.5
29/11/2016,11.0
30/11/2016,14.5
01/12/2016,18.5
02/12/2016,15.4
03/12/2016,13.1
04/12/2016,16.3
05/12/2016,20.2
06/12/2016,11.5
07/12/2016,12.4
08/12/2016,10.9
09/12/2016,12.7
10/12/2016,12.2
11/12/2016,12.4
12/12/2016,9.8
13/12/2016,8.5
14/12/2016,14.7
15/12/2016,12.0
16/12/2016,10.3
17/12/2016,11.0
18/12/2016,10.2
19/12/2016,12.6
20/12/2016,11.6
21/12/2016,9.7
22/12/2016,13.4
23/12/2016,10.5
24/12/2016,14.7
25/12/2016,14.6
26/12/2016,14.2
27/12/2016,13.2
28/12/2016,11.7
29/12/2016,17.2
30/12/2016,12.3
31/12/2016,13.8
01/01/2017,15.3
02/01/2017,15.6
03/01/2017,16.2
04/01/2017,16.3
05/01/2017,16.8
06/01/2017,11.0
07/01/2017,8.5
08/01/2017,13.2
09/01/2017,13.0
10/01/2017,12.4
11/01/2017,13.0
12/01/2017,16.6
13/01/2017,12.0
14/01/2017,12.4
15/01/2017,15.0
16/01/2017,11.8
17/01/2017,11.6
18/01/2017,12.2
19/01/2017,13.7
20/01/2017,11.2
21/01/2017,12.4
22/01/2017,11.5
23/01/2017,13.8
24/01/2017,15.7
25/01/2017,12.9
26/01/2017,11.5
27/01/2017,11.0
28/01/2017,12.7
29/01/2017,14.9
30/01/2017,16.5
31/01/2017,12.8
01/02/2017,12.7
02/02/2017,12.7
03/02/2017,11.6
04/02/2017,13.3
05/02/2017,15.2
06/02/2017,16.4
07/02/2017,11.9
08/02/2017,15.1
09/02/2017,10.6
10/02/2017,13.6
11/02/2017,12.1
12/02/2017,16.0
13/02/2017,16.8
14/02/2017,16.6
15/02/2017,15.6
16/02/2017,15.2
17/02/2017,17.7
18/02/2017,21.0
19/02/2017,13.4
20/02/2017,10.5
21/02/2017,9.5
22/02/2017,12.0
23/02/2017,10.4
24/02/2017,11.5
25/02/2017,13.2
26/02/2017,15.0
27/02/2017,14.1
28/02/2017,12.4
01/03/2017,13.4
02/03/2017,12.5
03/03/2017,14.3
04/03/2017,17.6
05/03/2017,10.4
06/03/2017,9.9
07/03/2017,10.2
08/03/2017,11.3
09/03/2017,9.5
10/03/2017,11.8
11/03/2017,11.5
12/03/2017,10.5
13/03/2017,10.8
14/03/2017,13.0
15/03/2017,18.5
16/03/2017,18.7
17/03/2017,15.0
18/03/2017,13.0
19/03/2017,11.3
20/03/2017,13.0
21/03/2017,13.3
22/03/2017,11.0
23/03/2017,10.3
24/03/2017,13.0
25/03/2017,12.3
26/03/2017,15.6
27/03/2017,10.2
28/03/2017,10.8
29/03/2017,12.0
30/03/2017,13.3
31/03/2017,11.7
01/04/2017,12.5
02/04/2017,13.7
03/04/2017,14.9
04/04/2017,20.2
05/04/2017,16.3
06/04/2017,13.9
07/04/2017,10.1
08/04/2017,7.3
09/04/2017,14.0
10/04/2017,17.7
11/04/2017,16.3
12/04/2017,10.6
13/04/2017,9.7
14/04/2017,7.8
15/04/2017,10.4
16/04/2017,10.4
17/04/2017,14.1
18/04/2017,7.1
19/04/2017,8.1
20/04/2017,7.8
21/04/2017,10.6
22/04/2017,9.1
23/04/2017,9.0
24/04/2017,11.9
25/04/2017,17.1
26/04/2017,16.8
27/04/2017,13.5
28/04/2017,11.6
29/04/2017,7.0
30/04/2017,9.7
01/05/2017,9.9
02/05/2017,11.2
03/05/2017,11.3
04/05/2017,11.8
05/05/2017,9.9
06/05/2017,7.1
07/05/2017,9.6
08/05/2017,9.8
09/05/2017,10.6
10/05/2017,12.8
11/05/2017,16.5
12/05/2017,11.7
13/05/2017,12.3
14/05/2017,12.2
15/05/2017,11.8
16/05/2017,10.7
17/05/2017,10.2
18/05/2017,10.0
19/05/2017,8.3
20/05/2017,6.6
21/05/2017,9.5
22/05/2017,12.3
23/05/2017,7.6
24/05/2017,9.3
25/05/2017,5.0
26/05/2017,4.3
27/05/2017,6.4
28/05/2017,10.8
29/05/2017,7.8
30/05/2017,8.5
31/05/2017,9.7
01/06/2017,10.0
02/06/2017,11.0
03/06/2017,10.2
04/06/2017,6.6
05/06/2017,6.1
06/06/2017,5.9
07/06/2017,8.9
08/06/2017,13.0
09/06/2017,12.6
10/06/2017,5.4
11/06/2017,6.0
12/06/2017,7.8
13/06/2017,9.0
14/06/2017,4.2
15/06/2017,3.0
16/06/2017,4.5
17/06/2017,6.2
18/06/2017,11.9
19/06/2017,11.8
20/06/2017,9.4
21/06/2017,9.6
22/06/2017,9.4
23/06/2017,7.0
24/06/2017,8.9
25/06/2017,9.3
26/06/2017,6.8
27/06/2017,7.5
28/06/2017,8.0
29/06/2017,8.3
30/06/2017,2.7
01/07/2017,3.9
02/07/2017,4.1
03/07/2017,5.0
04/07/2017,5.8
05/07/2017,4.4
06/07/2017,4.1
07/07/2017,5.8
08/07/2017,9.1
09/07/2017,7.9
10/07/2017,5.0
11/07/2017,2.8
12/07/2017,4.7
13/07/2017,8.9
14/07/2017,5.4
15/07/2017,7.1
16/07/2017,9.0
17/07/2017,9.4
18/07/2017,6.3
19/07/2017,7.0
20/07/2017,6.4
21/07/2017,6.7
22/07/2017,1.5
23/07/2017,2.9
24/07/2017,4.8
25/07/2017,6.3
26/07/2017,5.7
27/07/2017,7.0
28/07/2017,8.8
29/07/2017,8.7
30/07/2017,9.0
31/07/2017,9.6
01/08/2017,8.0
02/08/2017,8.4
03/08/2017,8.1
04/08/2017,9.0
05/08/2017,5.3
06/08/2017,8.9
07/08/2017,8.7
08/08/2017,4.9
09/08/2017,7.0
10/08/2017,7.5
11/08/2017,7.0
12/08/2017,9.1
13/08/2017,11.8
14/08/2017,9.9
15/08/2017,5.6
16/08/2017,4.2
17/08/2017,4.3
18/08/2017,8.0
19/08/2017,5.1
20/08/2017,9.4
21/08/2017,9.1
22/08/2017,9.7
23/08/2017,10.6
24/08/2017,8.6
25/08/2017,10.1
26/08/2017,11.0
27/08/2017,9.7
28/08/2017,5.0
29/08/2017,6.1
30/08/2017,5.4
31/08/2017,5.8
01/09/2017,7.3
02/09/2017,6.3
03/09/2017,4.8
04/09/2017,7.6
05/09/2017,8.1
06/09/2017,9.5
07/09/2017,10.3
08/09/2017,7.0
09/09/2017,9.0
10/09/2017,10.2
11/09/2017,6.8
12/09/2017,9.3
13/09/2017,9.8
14/09/2017,10.7
15/09/2017,7.8
16/09/2017,9.2
17/09/2017,15.0
18/09/2017,7.8
19/09/2017,5.3
20/09/2017,9.5
21/09/2017,7.6
22/09/2017,14.0
23/09/2017,14.9
24/09/2017,14.9
25/09/2017,19.2
26/09/2017,17.0
27/09/2017,13.0
28/09/2017,11.2
29/09/2017,9.5
30/09/2017,10.3
01/10/2017,9.3
02/10/2017,11.3
03/10/2017,6.5
04/10/2017,12.0
05/10/2017,8.3
06/10/2017,8.7
07/10/2017,8.7
08/10/2017,10.2
09/10/2017,6.9
10/10/2017,4.9
11/10/2017,10.0
12/10/2017,7.6
13/10/2017,14.5
14/10/2017,13.2
15/10/2017,9.9
16/10/2017,10.1
17/10/2017,11.3
18/10/2017,10.4
19/10/2017,10.9
20/10/2017,9.2
21/10/2017,10.5
22/10/2017,11.4
23/10/2017,13.5
24/10/2017,9.8
25/10/2017,13.1
26/10/2017,9.7
27/10/2017,11.4
28/10/2017,9.9
29/10/2017,14.4
30/10/2017,19.0
31/10/2017,23.0
01/11/2017,15.4
02/11/2017,9.6
03/11/2017,10.8
04/11/2017,12.1
05/11/2017,11.0
06/11/2017,12.6
07/11/2017,14.7
08/11/2017,11.1
09/11/2017,10.1
10/11/2017,11.4
11/11/2017,13.0
12/11/2017,11.9
13/11/2017,9.5
14/11/2017,13.5
15/11/2017,15.2
16/11/2017,18.4
17/11/2017,24.1
18/11/2017,14.1
19/11/2017,10.7
20/11/2017,8.7
21/11/2017,13.3
22/11/2017,11.6
23/11/2017,9.9
24/11/2017,10.8
25/11/2017,11.5
26/11/2017,10.0
27/11/2017,13.9
28/11/2017,13.6
29/11/2017,11.9
30/11/2017,11.1
01/12/2017,8.2
02/12/2017,9.4
03/12/2017,12.7
04/12/2017,11.6
05/12/2017,11.0
06/12/2017,11.3
07/12/2017,13.4
08/12/2017,14.9
09/12/2017,15.2
10/12/2017,13.9
11/12/2017,15.0
12/12/2017,16.2
13/12/2017,17.7
14/12/2017,20.5
15/12/2017,14.7
16/12/2017,12.5
17/12/2017,10.9
18/12/2017,12.8
19/12/2017,12.7
20/12/2017,11.2
21/12/2017,11.4
22/12/2017,11.2
23/12/2017,12.1
24/12/2017,12.7
25/12/2017,16.2
26/12/2017,14.2
27/12/2017,14.3
28/12/2017,13.3
29/12/2017,16.7
30/12/2017,15.3
31/12/2017,14.3
01/01/2018,13.5
02/01/2018,15.0
03/01/2018,13.6
04/01/2018,15.2
05/01/2018,17.0
06/01/2018,18.7
07/01/2018,16.5
08/01/2018,17.4
09/01/2018,18.3
10/01/2018,18.3
11/01/2018,22.4
12/01/2018,21.4
13/01/2018,20.9
14/01/2018,17.6
15/01/2018,15.5
16/01/2018,16.6
17/01/2018,16.2
18/01/2018,15.6
19/01/2018,14.5
20/01/2018,14.0
21/01/2018,15.6
22/01/2018,12.3
23/01/2018,11.6
24/01/2018,12.6
25/01/2018,14.9
26/01/2018,17.3
27/01/2018,21.4
28/01/2018,23.4
29/01/2018,14.4
30/01/2018,14.1
31/01/2018,15.0
01/02/2018,14.5
02/02/2018,15.1
03/02/2018,13.9
04/02/2018,13.4
05/02/2018,9.2
06/02/2018,12.5
07/02/2018,15.1
08/02/2018,12.1
09/02/2018,14.5
10/02/2018,16.3
11/02/2018,16.5
12/02/2018,14.9
13/02/2018,13.2
14/02/2018,11.8
15/02/2018,13.6
16/02/2018,16.2
17/02/2018,14.1
18/02/2018,13.5
19/02/2018,15.0
20/02/2018,14.8
21/02/2018,16.2
22/02/2018,16.2
23/02/2018,13.3
24/02/2018,15.3
25/02/2018,18.4
26/02/2018,16.2
27/02/2018,16.3
28/02/2018,12.4
01/03/2018,15.6
02/03/2018,14.9
03/03/2018,14.8
04/03/2018,12.7
05/03/2018,14.2
06/03/2018,16.8
07/03/2018,16.7
08/03/2018,16.2
09/03/2018,14.5
10/03/2018,10.0
11/03/2018,12.6
12/03/2018,11.9
13/03/2018,11.8
14/03/2018,13.4
15/03/2018,14.5
16/03/2018,15.7
17/03/2018,15.3
18/03/2018,13.9
19/03/2018,13.7
20/03/2018,15.1
21/03/2018,15.6
22/03/2018,14.4
23/03/2018,13.9
24/03/2018,16.2
25/03/2018,16.7
26/03/2018,15.5
27/03/2018,16.4
28/03/2018,17.5
29/03/2018,18.2
30/03/2018,16.1
31/03/2018,16.5
01/04/2018,14.6
02/04/2018,16.4
03/04/2018,13.6
04/04/2018,15.9
05/04/2018,11.9
06/04/2018,14.7
07/04/2018,9.4
08/04/2018,6.6
09/04/2018,7.9
10/04/2018,11.0
11/04/2018,15.7
12/04/2018,15.2
13/04/2018,15.9
14/04/2018,10.6
15/04/2018,8.3
16/04/2018,8.6
17/04/2018,12.7
18/04/2018,10.5
19/04/2018,12.0
20/04/2018,11.1
21/04/2018,13.0
22/04/2018,12.4
23/04/2018,13.3
24/04/2018,15.9
25/04/2018,12.0
26/04/2018,13.7
27/04/2018,17.6
28/04/2018,14.3
29/04/2018,13.7
30/04/2018,15.2
01/05/2018,14.5
02/05/2018,14.9
03/05/2018,15.5
04/05/2018,16.4
05/05/2018,14.5
06/05/2018,12.6
07/05/2018,13.6
08/05/2018,11.2
09/05/2018,11.0
10/05/2018,12.0
11/05/2018,6.8
12/05/2018,10.6
13/05/2018,13.1
14/05/2018,13.5
15/05/2018,11.7
16/05/2018,13.2
17/05/2018,12.0
18/05/2018,10.4
19/05/2018,10.0
20/05/2018,8.2
21/05/2018,9.4
22/05/2018,10.3
23/05/2018,8.1
24/05/2018,8.7
25/05/2018,12.6
26/05/2018,10.9
27/05/2018,8.7
28/05/2018,9.3
29/05/2018,6.3
30/05/2018,7.8
31/05/2018,10.0
01/06/2018,11.0
02/06/2018,11.1
03/06/2018,12.6
04/06/2018,10.2
05/06/2018,11.1
06/06/2018,8.7
07/06/2018,9.5
08/06/2018,9.7
09/06/2018,8.2
10/06/2018,5.0
11/06/2018,6.5
12/06/2018,12.1
13/06/2018,8.9
14/06/2018,6.1
15/06/2018,2.8
16/06/2018,3.7
17/06/2018,6.8
18/06/2018,6.6
19/06/2018,7.0
20/06/2018,7.3
21/06/2018,7.9
22/06/2018,10.6
23/06/2018,8.1
24/06/2018,6.7
25/06/2018,8.0
26/06/2018,10.0
27/06/2018,6.7
28/06/2018,9.4
29/06/2018,9.3
30/06/2018,6.0
01/07/2018,5.8
02/07/2018,4.9
03/07/2018,5.0
04/07/2018,8.4
05/07/2018,12.3
06/07/2018,13.0
07/07/2018,11.4
08/07/2018,6.8
09/07/2018,7.6
10/07/2018,12.4
11/07/2018,7.1
12/07/2018,7.5
13/07/2018,10.0
14/07/2018,5.3
15/07/2018,6.3
16/07/2018,8.0
17/07/2018,8.3
18/07/2018,9.3
19/07/2018,9.5
20/07/2018,5.6
21/07/2018,7.0
22/07/2018,8.5
23/07/2018,8.5
24/07/2018,8.2
25/07/2018,8.5
26/07/2018,9.6
27/07/2018,9.7
28/07/2018,7.1
29/07/2018,8.4
30/07/2018,9.2
31/07/2018,9.8
01/08/2018,8.1
02/08/2018,9.4
03/08/2018,10.0
04/08/2018,5.1
05/08/2018,6.7
06/08/2018,6.9
07/08/2018,6.8
08/08/2018,8.6
09/08/2018,9.1
10/08/2018,3.9
11/08/2018,4.8
12/08/2018,8.4
13/08/2018,11.6
14/08/2018,12.1
15/08/2018,12.4
16/08/2018,10.0
17/08/2018,10.1
18/08/2018,9.7
19/08/2018,11.7
20/08/2018,7.9
21/08/2018,8.6
22/08/2018,7.7
23/08/2018,5.8
24/08/2018,8.7
25/08/2018,10.6
26/08/2018,6.7
27/08/2018,8.8
28/08/2018,9.7
29/08/2018,9.0
30/08/2018,11.8
31/08/2018,15.2
01/09/2018,10.0
02/09/2018,10.5
03/09/2018,5.5
04/09/2018,9.4
05/09/2018,8.8
06/09/2018,5.3
07/09/2018,13.0
08/09/2018,15.2
09/09/2018,13.2
10/09/2018,11.5
11/09/2018,6.8
12/09/2018,4.7
13/09/2018,5.2
14/09/2018,6.8
15/09/2018,10.7
16/09/2018,10.1
17/09/2018,10.0
18/09/2018,9.8
19/09/2018,5.5
20/09/2018,13.5
21/09/2018,16.6
22/09/2018,8.4
23/09/2018,8.2
24/09/2018,11.1
25/09/2018,10.8
26/09/2018,8.8
27/09/2018,10.8
28/09/2018,8.7
29/09/2018,12.4
30/09/2018,9.0
01/10/2018,13.5
02/10/2018,14.7
03/10/2018,10.9
04/10/2018,8.5
05/10/2018,6.0
06/10/2018,12.7
07/10/2018,11.1
08/10/2018,8.7
09/10/2018,12.3
10/10/2018,13.3
11/10/2018,5.6
12/10/2018,13.7
13/10/2018,8.5
14/10/2018,11.2
15/10/2018,8.7
16/10/2018,11.7
17/10/2018,12.5
18/10/2018,8.2
19/10/2018,15.6
20/10/2018,10.3
21/10/2018,11.4
22/10/2018,9.7
23/10/2018,6.3
24/10/2018,14.3
25/10/2018,11.3
26/10/2018,7.3
27/10/2018,12.8
28/10/2018,11.9
29/10/2018,14.3
30/10/2018,11.6
31/10/2018,13.2
01/11/2018,15.5
02/11/2018,14.1
03/11/2018,9.5
04/11/2018,7.2
05/11/2018,11.8
06/11/2018,16.8
07/11/2018,12.5
08/11/2018,9.4
09/11/2018,11.9
10/11/2018,10.3
11/11/2018,16.9
12/11/2018,17.5
13/11/2018,7.5
14/11/2018,8.6
15/11/2018,11.1
16/11/2018,11.5
17/11/2018,10.7
18/11/2018,15.7
19/11/2018,12.8
20/11/2018,13.0
21/11/2018,12.9
22/11/2018,14.3
23/11/2018,13.7
24/11/2018,12.1
25/11/2018,11.9
26/11/2018,11.8
27/11/2018,11.4
28/11/2018,10.3
29/11/2018,11.7
30/11/2018,12.0
01/12/2018,17.4
02/12/2018,16.8
03/12/2018,16.2
04/12/2018,13.0
05/12/2018,12.5
06/12/2018,12.4
07/12/2018,16.1
08/12/2018,20.2
09/12/2018,14.3
10/12/2018,11.0
11/12/2018,14.4
12/12/2018,15.7
13/12/2018,19.7
14/12/2018,20.7
15/12/2018,23.9
16/12/2018,16.6
17/12/2018,17.5
18/12/2018,14.9
19/12/2018,13.6
20/12/2018,11.9
21/12/2018,15.2
22/12/2018,17.3
23/12/2018,19.8
24/12/2018,15.8
25/12/2018,9.5
26/12/2018,12.9
27/12/2018,12.9
28/12/2018,14.8
29/12/2018,14.1
30/12/2018,14.3
31/12/2018,17.4
01/01/2019,18.5
02/01/2019,16.8
03/01/2019,11.5
04/01/2019,9.5
05/01/2019,12.2
06/01/2019,15.7
07/01/2019,16.3
08/01/2019,13.6
09/01/2019,12.6
10/01/2019,13.8
11/01/2019,12.1
12/01/2019,13.4
13/01/2019,17.3
14/01/2019,19.4
15/01/2019,16.6
16/01/2019,13.9
17/01/2019,13.1
18/01/2019,16.0
19/01/2019,14.5
20/01/2019,15.0
21/01/2019,12.6
22/01/2019,12.5
23/01/2019,15.2
24/01/2019,16.2
25/01/2019,16.5
26/01/2019,20.1
27/01/2019,20.6
28/01/2019,16.9
29/01/2019,16.5
30/01/2019,16.1
31/01/2019,14.4
01/02/2019,16.3
02/02/2019,15.7
03/02/2019,14.2
04/02/2019,13.2
05/02/2019,16.8
06/02/2019,18.5
07/02/2019,16.7
08/02/2019,15.3
09/02/2019,15.9
10/02/2019,15.2
11/02/2019,17.5
12/02/2019,18.3
13/02/2019,19.4
14/02/2019,19.4
15/02/2019,19.5
16/02/2019,20.5
17/02/2019,15.7
18/02/2019,15.0
19/02/2019,16.1
20/02/2019,14.3
21/02/2019,13.0
22/02/2019,16.2
23/02/2019,17.7
24/02/2019,13.2
25/02/2019,15.8
26/02/2019,18.5
27/02/2019,20.4
28/02/2019,22.0
01/03/2019,19.7
02/03/2019,19.6
03/03/2019,20.3
04/03/2019,18.3
05/03/2019,18.9
06/03/2019,20.3
07/03/2019,21.4
08/03/2019,18.3
09/03/2019,17.8
10/03/2019,17.7
11/03/2019,12.8
12/03/2019,15.1
13/03/2019,15.0
14/03/2019,14.8
15/03/2019,12.0
16/03/2019,12.5
17/03/2019,15.0
18/03/2019,17.1
19/03/2019,17.3
20/03/2019,16.9
21/03/2019,16.5
22/03/2019,13.6
23/03/2019,13.2
24/03/2019,9.4
25/03/2019,9.5
26/03/2019,11.8
27/03/2019,10.4
28/03/2019,9.7
29/03/2019,12.6
30/03/2019,13.3
31/03/2019,15.1
01/04/2019,14.2
02/04/2019,14.2
03/04/2019,19.2
04/04/2019,12.6
05/04/2019,14.2
06/04/2019,11.9
07/04/2019,13.9
08/04/2019,13.5
09/04/2019,15.3
10/04/2019,13.9
11/04/2019,14.0
12/04/2019,12.9
13/04/2019,8.5
14/04/2019,11.4
15/04/2019,10.9
16/04/2019,12.0
17/04/2019,8.6
18/04/2019,9.0
19/04/2019,9.6
20/04/2019,10.2
21/04/2019,9.8
22/04/2019,8.3
23/04/2019,11.0
24/04/2019,11.9
25/04/2019,14.0
26/04/2019,15.8
27/04/2019,14.5
28/04/2019,13.2
29/04/2019,14.2
30/04/2019,14.6
01/05/2019,11.8
02/05/2019,14.4
03/05/2019,10.4
04/05/2019,10.3
05/05/2019,10.8
06/05/2019,10.5
07/05/2019,9.5
08/05/2019,12.5
09/05/2019,13.7
10/05/2019,12.7
11/05/2019,11.9
12/05/2019,11.4
13/05/2019,9.7
14/05/2019,8.3
15/05/2019,8.1
16/05/2019,11.7
17/05/2019,11.6
18/05/2019,7.4
19/05/2019,5.2
20/05/2019,11.0
21/05/2019,9.5
22/05/2019,9.2
23/05/2019,10.7
24/05/2019,9.0
25/05/2019,10.2
26/05/2019,10.3
27/05/2019,12.1
28/05/2019,13.2
29/05/2019,6.6
30/05/2019,2.3
31/05/2019,1.4
01/06/2019,2.1
02/06/2019,6.6
03/06/2019,8.9
04/06/2019,7.8
05/06/2019,9.0
06/06/2019,10.3
07/06/2019,7.9
08/06/2019,7.2
09/06/2019,8.6
10/06/2019,8.8
11/06/2019,6.2
12/06/2019,9.5
13/06/2019,10.2
14/06/2019,9.7
15/06/2019,11.2
16/06/2019,10.2
17/06/2019,10.1
18/06/2019,8.1
19/06/2019,6.6
20/06/2019,5.0
21/06/2019,4.7
22/06/2019,5.3
23/06/2019,4.5
24/06/2019,2.3
25/06/2019,1.4
26/06/2019,0.5
27/06/2019,2.4
28/06/2019,8.0
29/06/2019,6.0
30/06/2019,7.1
01/07/2019,9.7
02/07/2019,6.9
03/07/2019,5.3
04/07/2019,7.0
05/07/2019,6.2
06/07/2019,7.0
07/07/2019,9.7
08/07/2019,8.0
09/07/2019,8.5
10/07/2019,7.1
11/07/2019,7.5
12/07/2019,3.3
13/07/2019,1.8
14/07/2019,2.6
15/07/2019,5.3
16/07/2019,5.8
17/07/2019,5.8
18/07/2019,7.2
19/07/2019,5.3
20/07/2019,1.6
21/07/2019,3.1
22/07/2019,5.3
23/07/2019,7.7
24/07/2019,4.2
25/07/2019,5.5
26/07/2019,9.0
27/07/2019,11.2
28/07/2019,8.0
29/07/2019,7.6
30/07/2019,3.7
31/07/2019,7.5
01/08/2019,8.1
02/08/2019,8.4
03/08/2019,7.1
04/08/2019,7.6
05/08/2019,7.6
06/08/2019,5.6
07/08/2019,7.0
08/08/2019,10.5
09/08/2019,7.3
